unit_id,unit_name,latest_census,capacity,utilization_pct,forecast_72hr,alert_over_90pct
705089,Medical-Surgical 3 North,15,17,88.2,14.0,False
705090,Telemetry 4 East,26,34,76.5,26.3,False
705091,Cardiac Stepdown,19,20,95.0,16.9,True
705092,Oncology 5 South,11,12,91.7,9.7,True
21334825,Surgical 2 West,12,13,92.3,11.3,True
21336305,Orthopedic 6 North,13,13,100.0,11.0,True
97635816,Progressive Care,10,11,90.9,9.1,True
1775257343,Neuro Stepdown,20,20,100.0,15.7,True
4452986337,Medical-Surgical 4 South,9,14,64.3,11.2,False
